id,type,average_fee_transport,average_gas_consume,fixed_cost,max_load_weight,max_capacity
8,TRUCK,3380,0.13,1200,8000,47.0
24,BIKE,520,0.02,1200,120,0.6400000000000001
1,TRUCK,1560,0.06,1200,1250,8.993923999999998
16,TRUCK,2340,0.09,1200,2500,15.48
18,TRUCK,2340,0.09,1200,2500,15.48
10,TRUCK,2860,0.11,1200,3500,16.296
7,TRUCK,2860,0.11,1200,5000,24.8
9,TRUCK,2860,0.11,1200,3500,16.296
